seq,station_name
1,CSMT
2,Masjid
3,Sandhurst Road
4,Byculla
5,Chinchpokli
6,Currey Road
7,Parel
8,Dadar
9,Matunga
10,Sion
11,Kurla
12,Vidyavihar
13,Ghatkopar
14,Vikhroli
15,Kanjur Marg
16,Bhandup
17,Nahur
18,Mulund
19,Thane
20,Kalva
21,Mumbra
22,Diva
23,Kopar
24,Dombivli
25,Thakurli
26,Kalyan
27,Vithalwadi
28,Ulhas Nagar
29,Ambernath
30,Badlapur
31,Vangani
32,Shelu
33,Neral
34,Bhivpuri Road
35,Karjat
36,Palasdhari
37,Kelavli
38,Dolavli
39,Lowjee
40,Khopoli
41,Shahad
42,Ambivli
43,Titwala
44,Khadavli
45,Vasind
46,Asangaon
47,Atgaon
48,Thansit
49,Khardi
50,Umbermalli
51,Kasara
52,Sandhurst
53,Currey
54,Kanjur
55,Bhivpuri
56,CSMT 13:50
57,Masjid 13:53
58,Sandhurst Road 13:55
59,Byculla 13:58
60,Chinchpokli 14:00
61,Currey Road 14:02
62,Parel 14:05
63,Dadar 14:08
64,Matunga 14:11
65,Sion 14:14
66,Kurla 14:18
67,Vidyavihar 14:21
68,Ghatkopar 14:24
69,Vikhroli 14:28
70,Kanjur Marg 14:31
71,Bhandup 14:34
72,Nahur 14:37
73,Mulund 14:40
74,Thane 14:45
75,Kalva 14:50
76,Mumbra 14:56
77,Diva 15:00
78,Kopar 15:05
79,Dombivli 15:08
80,Thakurli 15:12
81,Kalyan 15:18
82,Vithalwadi 15:23
83,Ulhas Nagar 15:26
84,Ambernath 15:30
85,Badlapur 15:39
86,CSMT 15:13
87,Masjid 15:16
88,Sandhurst Road 15:18
89,Byculla 15:21
90,Chinchpokli 15:23
91,Currey Road 15:25
92,Parel 15:29
93,Dadar 15:32
94,Matunga 15:35
95,Sion 15:38
96,Kurla 15:42
97,Vidyavihar 15:45
98,Ghatkopar 15:48
99,Vikhroli 15:52
100,Kanjur Marg 15:55
101,Bhandup 15:58
102,Nahur 16:01
103,Mulund 16:04
104,Thane 16:09
105,Kalva 16:14
106,Mumbra 16:20
107,Diva 16:24
108,Kopar 16:29
109,Dombivli 16:33
110,CSMT 19:50
111,Byculla 19:57
112,Dadar 20:03
113,Kurla 20:11
114,Ghatkopar 20:15
115,Mulund 20:27
116,Thane 20:31
117,Dombivli 20:48
118,Kalyan 20:57
119,Vithalwadi 21:02
120,Ulhas Nagar 21:05
121,Ambernath 21:09
122,Badlapur 21:16
123,Vangani 21:25
124,Shelu 21:29
125,Neral 21:33
126,Bhivpuri Road 21:40
127,Karjat 21:51
