train_no,link_code,flags,source_page
95001,1 KP 1,,1
95003,KP 3,,3
95005,KP 5,,8
95007,KP 7,,10
95009,KP 9,,13
95011,KP 11,,16
95013,KP 13,,17
95015,KP 17,,18
95101,S 5,,2
95103,3 S 7,,2
95105,S 9,,3
95107,S 11,,4
95109,5 S 13,,4
95111,S 15,,5
95113,S 17,,6
95115,S 19,,7
95117,S 21,,7
95119,S 23,,9
95121,S 25,,9
95123,S 27,,10
95125,S 29,,11
95127,S 31,,11
95129,S 33,,14
95131,S 35,,14
95133,S 37,,16
95135,S 39,,17
95201,BL 1,,2
95203,BL 3,,3
95205,BL 5,,3
95207,BL 7,,4
95209,BL 9,,5
95211,BL 11,,5
95213,BL 13,,6
95215,BL 15,,6
95217,BL 17,,6
95219,BL 19,,7
95221,DBL,AC|X,7
95223,BL 21,,8
95225,DBL,AC,8
95227,BL 23,,9
95229,BL 25,,9
95231,BL 31,,10
95233,BL 33,,11
95235,BL 35,,12
95237,BL 37,,12
95239,BL 39,,13
95241,BL 41,,14
95243,BL 43,,15
95245,BL 45,,15
95247,BL 57,,17
95301,DA,,4
95303,A 9,,4
95305,A 11,,5
95307,A 13,AC|X,6
95309,A 15,,6
95311,A 17,,6
95313,A 19,,7
95315,A 21,,7
95317,DA 3,,9
95319,A 35,,11
95321,A 39,AC|X,12
95323,A 41,,13
95325,A 43,,13
95327,A 45,,14
95329,DA 5,AC|X,15
95331,A 49,,15
95333,A 55,,16
95401,N 7,,3
95403,N 9,,4
95405,N 11,,5
95407,N 13,,6
95409,N 15,,8
95411,N 17,,8
95413,N 21,,10
95415,N 25,,12
95417,N 27,,14
95419,N 29,,15
95421,N 31,,16
95423,N 35,,18
95501,AN 5,,3
95503,AN 9,,5
95505,AN 11,,9
95507,AN 15,,10
95509,AN 19,,11
95511,AN 21,,12
95513,AN 23,,13
95515,AN 25,,14
95517,AN 27,,16
95601,TL 11,,5
95603,TL 13,,5
95605,TL 15,,5
95607,TL 19,,7
95609,TL 21,,7
95611,DTL,AC,11
95613,TL 41,,13
95615,TL 43,,13
95617,TL 45,,14
95619,TL 47,,14
95621,TL 49,,15
95623,TL 51,,15
95701,K 3,AC,1
95703,K 5,15 C|X,2
95705,K 11,15 C|X,3
95707,K 17,AC,3
95709,K 23,15 C|X,4
95711,K 27,AC|X,4
95713,K 37,AC,6
95715,DK,15 C|X,6
95717,K 53,,8
95719,K 61,15 C|X,9
95721,K 79,15 C|X,11
95723,K 87,AC|X,11
95725,DK,15 C|X,12
95727,K 95,$,12
95729,DK,,13
95731,K 101,$,13
95733,K 107,AC|X,14
95735,K 109,,14
95737,DK,,14
95739,K 117,15 C|X,15
95741,K 129,AC|X,17
95743,DK,15 C|X,17
95801,DL 17,15 C|XX,8
95803,DL 35,,13
95901,T 15,AC|X,3
95903,T 25,X,4
95905,T 29,,5
95907,T 37,15 C|X,6
95909,DT 1,AC|X,10
95911,T 99,AC,13
95913,T 109,X,15
95915,DT 3,,16
96001,SKP,,1
96003,SKP,,2
96005,SKP,,4
96007,SKP,,6
96009,SKP,,7
96011,SKP 11,,9
96013,SKP 13,,14
96015,SKP 15,,15
96019,KP 15,,18
96101,S 1,,1
96103,1 TS 1,,1
96105,TS 3,,1
96107,1 S 3,,1
96109,9 TS 5,,7
96111,TS 7,,12
96113,TS 9,,15
96115,S 41,,18
96201,1 CBL,,1
96203,3 TBL,,8
96205,BL 27,,10
96207,BL 29,,10
96209,TBL,,10
96211,TBL,,13
96213,7 TBL,,14
96215,BL 47,,15
96217,BL 49,,16
96219,TBL,,16
96221,BL 51,,17
96223,BL 53,,17
96225,BL 55,,17
96227,BL 59,,18
96229,BL 61,,18
96301,A 1,,1
96303,A 3,,1
96305,A 5,,2
96307,CA 1,,2
96309,A 7,,2
96311,A 23,,8
96313,A 25,AC|X,8
96315,A 27,,9
96317,A 29,AC|X,9
96319,A 31,,10
96321,A 33,,10
96323,TA 1,,11
96325,A 37,,11
96327,A 47,,14
96329,TA 3,,15
96331,A 51,,16
96333,9 A 53,,16
96335,A 57,,17
96337,PA 1,,18
96339,PA 3,,18
96341,A 59,,18
96401,N 1,,1
96403,1 N 3,,1
96405,N 5,,1
96407,N 19,,9
96409,N 23,,10
96411,N 33,,17
96501,1 KAN,,1
96503,TAN,,1
96505,AN 1,,1
96507,AN 3,,2
96509,1 KAN,,2
96511,AN 7,,3
96513,1 TAN,,7
96515,AN 13,,9
96517,AN 17,,11
96519,AN 29,,16
96601,CTL,,1
96603,TTL,,1
96605,TL 1,,2
96607,TL 3,,2
96609,TL 5,,2
96611,TL 7,AC|X,2
96613,TL 9,,3
96615,TTL,,3
96617,TTL,,4
96619,TL 17,,6
96621,TL 23,,7
96623,TL 25,,7
96625,TL 27,,8
96627,TL 29,,9
96629,TTL,,9
96631,TL 31,,9
96633,TL 33,,10
96635,TL 35,,10
96637,TL 37,,11
96639,TL 39,,11
96641,TL 53,,16
96643,TL 55,,16
96645,TL 57,,17
96647,TL 59,,17
96649,TL 61,,18
96651,TL 63,,18
96653,TL 65,,18
97001,TK 1,,1
97003,1 K 1,X,1
97005,CK 1,X,1
97007,TK 3,,2
97009,CK 3,AC|X,2
97011,CK 5,X,2
97013,CK 7,X,2
97015,CK 9,,2
97017,PK 1,,2
97019,PK 3,X,2
97021,3 K 7,,2
97023,CK 11,,3
97025,K 9,,3
97027,K 13,,3
97029,K 15,,3
97031,PK 5,X,3
97033,K 19,,3
97035,PK,,4
97037,K 21,,4
97039,CK 13,X,4
97041,K 25,AC|X,4
97043,K 29,,5
97045,TK 5,,5
97047,K 31,,5
97049,K 33,,5
97051,K 35,,5
97053,K 39,,6
97055,K 41,,6
97057,PK 9,,6
97059,K 43,,7
97061,3 PK 11,,7
97063,K 45,,7
97065,PK 13,,8
97067,CK 15,,8
97069,K 47,X,8
97071,3 K 49,,8
97073,1 K 51,,8
97075,K 55,,8
97077,K 57,X,8
97079,K 59,,9
97081,PK 15,,9
97083,K 63,,9
97085,K 65,,9
97087,TK 7,,9
97089,K 67,,9
97091,CK 17,,10
97093,K 69,,10
97095,K 71,,10
97097,K 73,X,10
97099,K 75,,10
97101,PK 17,,10
97103,K 77,,10
97105,3 PK 19,,10
97107,1 K 81,,11
97109,PK 21,,11
97113,K 83,,11
97115,K 85,,11
97117,CK 19,,11
97119,TK 9,,12
97121,CK 21,,12
97123,K 89,,12
97125,CK 23,,12
97127,K 91,,12
97129,3 K 93,,12
97131,PK 23,,12
97133,CK 25,,13
97135,K 97,,13
97137,5 CK 27,X,13
97139,K 99,,13
97141,PK 25,,13
97143,K 103,L SPL|X,13
97145,K 105,,14
97147,TK 11,,14
97149,PK 27,AC|X,14
97151,7 PK 29,X,14
97153,K 111,,15
97155,K 113,,15
97157,K 115,,15
97159,CK 29,,15
97161,K 119,,15
97163,K 121,AC,16
97165,PK 31,,16
97167,K 123,,16
97169,PK 33,,16
97171,K 125,X,16
97173,K 127,AC|X,17
97175,PK 35,AC|X,17
97177,PK 37,,17
97179,K 131,,17
97181,CK 31,,17
97183,9 K 133,,17
97185,K 135,X,17
97187,K 137,,17
97201,TDL,,1
97203,DL 1,,2
97205,CDL,,2
97207,DL 3,,3
97209,DL 5,,3
97211,DL 7,,4
97213,DL 9,,5
97215,PDL1,,5
97217,DL 11,AC|X,6
97219,DL 13,,7
97221,DL 15,,8
97223,PDL,,8
97225,PDL5,,8
97227,DL 19,,8
97229,PDL7,,9
97231,DL 21,,10
97233,DL 23,,11
97235,DL 25,AC|X,11
97237,DL 27,,11
97239,DL 29,AC|X,11
97241,DL 31,,12
97243,PDL9,,12
97245,DL 33,,12
97247,PDL11,X,13
97249,5 DL 37,,13
97251,DL 39,AC|X,14
97253,DL 41,,14
97255,DL 43,X,15
97257,PDL13,,15
97259,DL 45,X,16
97261,DL 47,X,16
97263,DL 49,,17
97301,T 1,,1
97303,CT 1,,1
97305,T 3,X,2
97307,T 5,X,3
97309,T 7,,3
97311,T 9,X,3
97313,T 11,,3
97315,T 13,,3
97317,7 T 17,,4
97319,T 19,X,4
97321,5 PT 1,X,4
97323,1 T 21,,4
97325,T 23,X,4
97327,PT 3,,5
97329,T 27,,5
97331,T 31,,5
97333,T 33,X,5
97335,T 35,X,5
97337,T 39,,6
97339,T 41,,6
97341,T 43,X,6
97343,1 T 45,X,6
97345,T 47,X,7
97347,T 49,X,7
97349,T 51,,7
97351,T 53,,7
97353,T 55,,7
97355,T 57,X,8
97357,T 59,X,8
97359,T 61,X,8
97361,T 63,X,9
97363,7 T 65,AC|X,9
97365,T 67,,9
97367,T 69,X,10
97369,T 71,X,10
97371,T 73,X,10
97373,T 75,,11
97375,PT 5,X,11
97377,T 77,X,11
97379,T 79,,11
97381,T 81,X,12
97383,T 83,X,12
97385,T 85,,12
97387,T 87,,12
97389,T 89,X,12
97391,T 91,X,12
97393,T 93,,13
97395,T 95,X,13
97397,T 97,X,13
97399,T 101,X,14
97401,T 103,X,14
97403,T 105,X,14
97405,T 107,,15
97407,PT 7,,15
97409,T 111,,15
97411,PT 9,X,15
97413,T 113,X,15
97415,T 115,,16
97417,T 117,X,16
97419,T 119,X,16
97421,T 121,,16
97423,T 123,,16
97425,T 125,,17
97427,T 127,AC|X,17
97429,T 129,,18
97431,T 131,,18
97433,T 133,,18
97435,T 135,AC,18
97437,T 137,,18
97439,T 139,,18
97441,T 141,,18
97501,G 1,,4
97503,G 3,X,5
97505,G 5,,6
97601,C 1,,1
97603,C 3,X,4
97605,C 5,,4
97607,C 7,,4
97609,C 9,X,5
97611,C 11,X,5
97613,C 13,X,6
97615,7 C 15,,6
97617,C 17,X,6
97619,C 19,X,7
97621,C 21,,7
97623,C 23,,7
97625,C 25,X,12
97627,C 27,X,13
97629,C 29,,13
97631,C 31,X,14
97633,C 33,X,14
97635,C 35,,16
97637,C 37,X,17
97639,C 39,X,17
97641,C 41,X,18
97643,C 43,X,18
97645,C 45,,18
97647,C 47,X,18
97649,C 49,X,18
97651,C 51,,18
